abbrv,statefp,cluster,0,1,2,3,4,5,6,7,8,9,10,11,12,13,14,15,16,17,18,19,20,21,22,23,24,25,26,27,28,29,30,31,32,33,34
AL,01,0,0.0297194738606286,0.05056292696270558,0.018198705533487913,0.024120722512333735,0.028578959532507168,0.024632225957707695,0.02524171869816465,0.03928722908646789,0.0308151505249353,0.021269448224287075,0.044806798216213674,0.0192701969257289,0.026466311456692797,0.02147427854842309,0.022726056899174098,0.03163476951994182,0.021288624351145397,0.04350720591034744,0.02451291794046998,0.030942935382681707,0.023284981812631767,0.03323862677890983,0.022656583531903533,0.023026883641149708,0.023816605823979573,0.021046095304303573,0.02321379453558656,0.03355914828158265,0.036950752341996594,0.050215099916611605,0.03555070260437627,0.02909081349382642,0.01795148134178816,0.018339538552851163,0.029002237482846832
AK,02,6,0.032317667702343275,0.05411611355969401,0.012074189985898359,0.025283337834303775,0.03533266460902476,0.029296449016628295,0.022010713571032958,0.049094066480553075,0.036772152855172414,0.03626268419411357,0.04292750603211392,0.017180925698448434,0.03350066796810267,0.0225939756602524,0.015232722653111793,0.029592185394741746,0.018848532617132076,0.025783245851975313,0.02087248745111593,0.03524146916509793,0.021981853035984995,0.03485916499689676,0.014104230775872065,0.014773512177661263,0.02086306940690608,0.013631326729814368,0.017211252375680355,0.020015171950033384,0.03639032149926021,0.056720004785825916,0.056362375534511684,0.035977506007301215,0.017419919785234078,0.029766636107245177,0.015589899120433992
AZ,04,0,0.031074323607624563,0.04585363881465899,0.01618079877343405,0.025755914895338402,0.030968083415466897,0.025612544213384096,0.024475464894735555,0.03889128892703156,0.031244131655106637,0.01993180596646322,0.045187540296613926,0.01814785087998008,0.02725146145030527,0.02265454009965414,0.023938019066792094,0.032530777457596735,0.021767629801949843,0.042987748787478366,0.029477425394009504,0.02988372417197557,0.0235080095073182,0.0347645901562268,0.023515539930171733,0.02119856119979821,0.025014295573701252,0.020299391075309543,0.02368324063344656,0.029109233572458336,0.036666407238191305,0.04519188745661443,0.040840687585838344,0.028921459107899318,0.019341188208879066,0.018746428626661878,0.025384368584070397
AR,05,4,0.057834082374707954,0.041845941662946584,0.012938600684946145,0.016503002311595443,0.02594209785498545,0.026545511050936298,0.024565879692786938,0.03220708105511491,0.030366869301047247,0.012479376145605105,0.03822812426453189,0.007970634472732427,0.05718642339621711,0.017308460278648206,0.014506420212782225,0.03493040537268913,0.014452996522546903,0.03160037673563077,0.018984521966166883,0.038450515995851524,0.020161284409233916,0.0751877699042314,0.031694173996122864,0.025382614646911283,0.04009536939587346,0.01619568927482029,0.02016062488858521,0.01718355215440892,0.021842855697499955,0.0342326827264284,0.05023602849601113,0.02746507501241898,0.018462833925874448,0.025552175003582943,0.021299949927092863
CA,06,0,0.033078758134135196,0.043078476179557075,0.017259862641511883,0.028175962147888197,0.031142481843031276,0.027681012028701622,0.024853399094667772,0.04056396746433496,0.030355353733044477,0.019778914150919796,0.04774218620828224,0.019195114810842812,0.030302097044298808,0.02456534250028517,0.022341356505067668,0.0332340061687178,0.021281157039179724,0.03837719740644937,0.025812406153591556,0.03154911545381123,0.024375218250246165,0.034555053355285616,0.022852243739170077,0.020618393226693222,0.025196424651275556,0.018899236620595908,0.024453297902976845,0.028260103316622685,0.033019057935186766,0.039836938807630375,0.042197370664592455,0.031122048209604465,0.020741941338581173,0.018957848426295963,0.024546658030081946
CO,08,0,0.03183798253185305,0.04287147995554445,0.016919540974850926,0.02769002880833873,0.030458024947725128,0.028029183011141653,0.024695685033089953,0.03984475268856093,0.029776532160023378,0.01895459795178666,0.047137803757669315,0.019111576668386886,0.028336025247823346,0.023875199879419086,0.021774075047697804,0.03324884937241347,0.02028901754341549,0.04130028497103139,0.02507564213901065,0.029220878391771385,0.024547575347168504,0.0346734689680464,0.022508406882111864,0.021294848025334802,0.02501567038375288,0.01905279858680355,0.025164481069020684,0.03067386307465902,0.034595821731032116,0.04613213623795522,0.040968701022755676,0.030148040827740023,0.019314865151061077,0.019346833467492226,0.026115329345414173
CT,09,9,0.0308671524611535,0.0361269324879774,0.014954163762444002,0.029197755906985534,0.035230103210522924,0.03455189203064701,0.026494475123929564,0.04728477179557156,0.03528252168776084,0.016520272824130336,0.052909922882780396,0.015579685238290904,0.025559890893133035,0.0252829392098865,0.019829921572056045,0.03287205534344308,0.02253391274823549,0.036748275456183165,0.02248513130453303,0.03192973073512266,0.022523431943499806,0.03465651728575212,0.02893531978600157,0.021871889773812655,0.028775539252728372,0.019742987076042565,0.028280433495629906,0.02979719401372821,0.027564205779751005,0.03349379203399528,0.04484451049057336,0.02727387563479498,0.018319063206215746,0.019128653940322073,0.022551081239864934
DE,10,0,0.03312610969801905,0.04765190327209326,0.02163173864350578,0.026593925063239224,0.02894126265803829,0.030218113512474536,0.021144793972779456,0.038370176398979806,0.0329054609858771,0.017755126553850822,0.04882006346899746,0.019898624555365303,0.027285150948652942,0.02349617862686912,0.019596181693631524,0.02893243217143231,0.021099412780399476,0.03525703975524297,0.029884078300133836,0.028064691608399563,0.02481805582792269,0.03741087251165132,0.021576045437578493,0.01939968017251895,0.024765554162669536,0.01882565834792363,0.0285035412320187,0.030848687885317683,0.03457970208724418,0.03807210795333563,0.03652346672615093,0.032656326930880976,0.02036538109957442,0.02244853428154145,0.02853392123526427
DC,11,0,0.03227107481764425,0.03936507234180362,0.016315353314133932,0.028306514132230145,0.031788893324307885,0.027093399392154188,0.026446770931364185,0.041664841840971904,0.030486725996692263,0.019300443293172105,0.04775654904448593,0.01845675962128563,0.025874891253677368,0.024351266390963165,0.02199714367462723,0.03403015185183247,0.02206469587449584,0.039297996797490645,0.03083993479620721,0.03028036324477526,0.02305205522084618,0.03487837142132533,0.021873241073655913,0.020385842158271328,0.026076227523007773,0.019598009837712024,0.02497636216862442,0.028110775299594958,0.032629033789486436,0.04390680046923101,0.041237829087803435,0.029137850488662933,0.02165783002849614,0.019819664128136898,0.024671266260781994
FL,12,0,0.03168321945418344,0.04300159501460203,0.016877550429234642,0.027712921535388176,0.031720441028336294,0.02829381173180613,0.024840802587853157,0.039844484100369684,0.029845287639828254,0.01944961597037577,0.0488296247365652,0.01945703183645906,0.028247615726863073,0.024200633564984465,0.021580095546339467,0.03456304854716411,0.02112421817669842,0.03887648260374684,0.02572282862677894,0.02995483970573151,0.024028303067890708,0.034153223218909706,0.023080134892053718,0.021207648071176543,0.025248375879061827,0.019519687548501873,0.02495228870464894,0.02998126803589984,0.034630279953720304,0.04039689969096321,0.04185400394917027,0.030265885636835143,0.020096266282171125,0.018750845628833394,0.026008742104811713
GA,13,9,0.035113778327282484,0.033710833072238995,0.015038610860462081,0.03051379908067757,0.03693510634984069,0.030055383404840604,0.028281589556249646,0.04653709325045131,0.030166550964566302,0.019723938241501024,0.053971067024545426,0.016795545196563556,0.02526281775436655,0.025404415842703632,0.022730176971713128,0.03528921321035786,0.024197383339791125,0.034739295687371996,0.019996803015766493,0.03060490467521337,0.022967083257452288,0.032035119427680295,0.02164676801333607,0.019142637794191182,0.02820802815835122,0.017459539686050535,0.026851162674704027,0.02687088065357494,0.030025969154128883,0.038266336653949774,0.05034155089041863,0.029514808108294825,0.02156815504251157,0.017580598714412754,0.02245305710082384
HI,15,9,0.032425408566841084,0.04546187476196423,0.014888061645254616,0.03248584140878336,0.039666935590932983,0.02934755088426148,0.02550184997880827,0.04192904971892211,0.028955078916468813,0.017517477141949293,0.051999510731004256,0.018274511397692872,0.03330292816483315,0.023732595601769192,0.021039456095823673,0.04147358223287657,0.02341085245098961,0.030698986078743332,0.016771338752265504,0.033971306203976696,0.022857612086625314,0.037604324107577615,0.025074559771497775,0.020326398660310427,0.02770485490170383,0.017551183053809736,0.01961015685423239,0.02363766660860376,0.026421522155148033,0.035089882374170905,0.0494343099567491,0.027505116058655847,0.01965283706426418,0.019863130132469462,0.02481225088147355
ID,16,9,0.03894750312530754,0.04781949608107881,0.015086550404520319,0.03196910316757469,0.04025685739975517,0.029304227142767557,0.026658585413578403,0.04672039901928271,0.02679712566423567,0.0178556156666719,0.050335124143518664,0.018125369879222808,0.042556150137841,0.02542919459393256,0.020527283997214558,0.03576600528825297,0.02159171542496283,0.02684669923351317,0.020358132329268377,0.02798956167108994,0.02353487474607559,0.034274433288222175,0.015139964754601604,0.02191503465938314,0.02875605159157737,0.018052823958854606,0.026691407031357434,0.026534531253959773,0.033743782264934144,0.03249815406347868,0.04446521458337805,0.02961204276973973,0.018183150751850723,0.012087208847098897,0.023570628979711083
IL,17,0,0.03039905724880608,0.04063121105574704,0.01652655788081971,0.027551526348182365,0.03139327631630271,0.028290727875634504,0.0261807089821392,0.04013691020921821,0.030936217304223412,0.01979000335382045,0.04737405680178958,0.0192578501533909,0.02734294833578313,0.023891545686830426,0.02455993490653391,0.03308657937758943,0.02192380199376203,0.04091160438826553,0.02354861081391299,0.032212515334660956,0.02271292979847981,0.03346871917733151,0.022963618639512753,0.020332991779293895,0.02616143028032869,0.019987555405981666,0.0234435537240962,0.027830888000510035,0.03479822044364473,0.04414599980058301,0.041543755178353334,0.028829150088372536,0.02355414428629873,0.01935533864800133,0.024926061489389653
IN,18,0,0.03237322328499056,0.04304032175328398,0.017257239839038995,0.02707651496266204,0.030529191934159327,0.02721615412691843,0.024635338013066523,0.04111423147020072,0.03120024079354018,0.01915250185732153,0.04508416714559994,0.019260871860712497,0.029167259116516128,0.02334264100130805,0.021802611459545023,0.033844820233905656,0.020947139584803258,0.03764290705219072,0.030659951641989248,0.03067273143341534,0.021925961214253827,0.035127002548358786,0.02452475863194415,0.01971794624376409,0.02483964324408736,0.018609376450513897,0.024108947547305467,0.029442506419895285,0.03703131287039864,0.04210300380960167,0.04202932274231902,0.02877047283382044,0.01990923966848706,0.020371037584487005,0.02546941050972514
IA,19,9,0.03144101061309287,0.032327353185254745,0.016090569940274507,0.032350553979574724,0.03424333157006469,0.033987588902877335,0.025613496935848138,0.04231220280230399,0.02791479090838201,0.01677900992590066,0.05254363682235876,0.015089479334018923,0.03568495035627074,0.026701402649558514,0.018378429283605016,0.036595298243007626,0.022338585588402116,0.029665121639142353,0.01853248925673899,0.02905772638380992,0.025740016538758327,0.034806776629675046,0.02075205503328171,0.02018082829633965,0.025471081869098734,0.019004658894212084,0.032079005411177426,0.03247386978094928,0.025575688598301453,0.03729610010546185,0.05141114124383394,0.03365223205339184,0.02024088226367283,0.01797815016595783,0.025690486715301407
KS,20,0,0.030147325841967207,0.04347851477329665,0.018597916571889774,0.02695292061017376,0.03193331882532526,0.026526800065531674,0.023930758998103648,0.039379802120955265,0.030085896769005784,0.02007692811824786,0.0460801785441692,0.019224465428292335,0.02565253085825361,0.02330326669195321,0.020395611638459994,0.03157733650698085,0.020905522573465868,0.045458472647026835,0.024223497568004546,0.029315866260488318,0.02435299550654455,0.03232930815076795,0.02546016223351598,0.023084074348530742,0.024936716880445426,0.020948845960924164,0.025847391400593125,0.030982659448210614,0.0372922848159446,0.04489071276130635,0.039911296082646,0.02946968795326307,0.018124005257517447,0.01941355462303079,0.025709374263009482
KY,21,9,0.0360462148431345,0.03906831883457582,0.015759895378814396,0.03059825893978649,0.03306142136294391,0.028774805988665712,0.024680940938978237,0.03930791923648661,0.02981933555412218,0.018247745524043894,0.04917456282634911,0.019346105239312752,0.030781800065382014,0.02609752247670793,0.0210618751561618,0.03323324522398146,0.02176183171505364,0.03340634852373844,0.024814583541877114,0.02972558020918441,0.0264008344635102,0.03681708773682621,0.019550955788795173,0.01881792553158511,0.02562939758596676,0.01772024132877252,0.026386240004143576,0.028064723236896173,0.038052350032282106,0.036745173558388494,0.042940081888197215,0.028436330921725324,0.021366144512483608,0.024230485163836184,0.02407371818238168
LA,22,0,0.028908990240091408,0.035830290923624074,0.017766965737760137,0.026322037956328665,0.029796635543576703,0.029292949216481682,0.024372164178523364,0.03983097189858487,0.027661911478759675,0.01892449510336686,0.05129278758079284,0.016866977628650106,0.023741176618397884,0.02372222965396006,0.02345906196733086,0.03248870168972724,0.018914567751452116,0.036595935839370305,0.045594838236004714,0.027980083095551424,0.024473855379574097,0.03279228033716151,0.020155201418469854,0.019166499533394204,0.02437723686295821,0.017528771269266552,0.02655070635524306,0.029777689688083597,0.0410704272551257,0.04152057110871066,0.040950286341970926,0.031438567850668696,0.020845370487301455,0.026391048921590547,0.023597715858281968
ME,23,0,0.020672712557212654,0.04393276400122699,0.026606367161193637,0.019847647717110284,0.03300113545677869,0.03490678113612763,0.025796252708214975,0.039859440081491934,0.026760726026507056,0.014898609235413795,0.04228850724613162,0.013527043951437511,0.029401880184498925,0.015303670185954963,0.012802874874191504,0.02476463004978083,0.024017012137704997,0.0349160314530154,0.026397241274529,0.03717373948542613,0.04851133813743037,0.032709110742897216,0.020202688329129855,0.024447219407496352,0.01962244007216291,0.01599433842067217,0.02852377963065771,0.045573814296913304,0.04295175038368923,0.039466574045429866,0.03497616562072571,0.032007998206854155,0.017411204430205312,0.028049964489537484,0.022676545351327574
MD,24,9,0.03394605930284797,0.041451604300563355,0.017420292714009643,0.02989182921132965,0.030679579304442088,0.028865219043524543,0.026053766196896824,0.04193005441101131,0.02949401217572169,0.019426011493351145,0.047000205160061384,0.018874526089507213,0.03447767210713402,0.023607011805035664,0.020245661593027018,0.03309887346177237,0.02164151765199195,0.03514613879129774,0.026468736134767273,0.03154385098470438,0.02412575413114954,0.03661985983776503,0.02219962116427638,0.02006566388488646,0.026468633119134482,0.019376541830189685,0.025854069143805124,0.026828831568889037,0.03346715741758962,0.03804843170163662,0.041814202651221294,0.029213194364309077,0.023633979063691322,0.01934087602069222,0.021680563280432847
MA,25,0,0.030218645944824356,0.041246695118193503,0.015976090763652917,0.027149779130838877,0.03115834682424772,0.027453868187262667,0.025591438022129587,0.04027724194162737,0.03236531985318733,0.019049988247050943,0.0448100065143054,0.020933504487100654,0.02673661863704592,0.02371160735970399,0.023648294969541395,0.03330260849876356,0.02304710444450068,0.04520763183093471,0.024085573350432703,0.02835573891190616,0.021629603956594818,0.0339243297651642,0.023289164874775524,0.023031990444885787,0.025630145569568087,0.01978649488314683,0.022902215560260165,0.030536189610699954,0.0346991575236801,0.05004262048395303,0.04012345823198447,0.02875702421843925,0.017920040574075684,0.01851891056167301,0.024882551545954992
MI,26,0,0.032342907526567675,0.041633935616035414,0.017666856112235032,0.028311802674289094,0.031569771050918786,0.026993681033239028,0.025773967348870865,0.04227845134312427,0.03070803983221677,0.01833348287981661,0.04610594647491779,0.018364854390401752,0.03277283512903278,0.023530509721363252,0.020884728634884372,0.03378536367450248,0.02186362225773998,0.03812823289463715,0.02389210615833016,0.03167350365364685,0.02434584737037692,0.035798339891344566,0.024210045210167983,0.020102392149334625,0.02619373485989331,0.019628057927630324,0.025338096207299116,0.029276844777154393,0.031904616463321815,0.038017235231471255,0.04356643841270965,0.0292182133841667,0.02240625046928946,0.018575952709839246,0.024803337809186487
MN,27,9,0.035038669950717895,0.03935898676906735,0.01744297411771871,0.02942559823002209,0.033013760831429186,0.030486467727094693,0.026908789758904456,0.04162173428364732,0.029812192418992724,0.019034044219706735,0.04871027927895165,0.018832861611509263,0.02983939181152272,0.026233483001447143,0.020507491438221205,0.033515749913513596,0.02034317091956691,0.03135141997215196,0.026878887067748714,0.03131503578407885,0.02686121057312222,0.04041680880515859,0.02384511263116204,0.02010375315614448,0.023914350780212146,0.017619746137798535,0.02631719141707556,0.025422957481798025,0.03551966656380101,0.03410518075356393,0.04171446605633722,0.030180909428094475,0.020378384116953568,0.02014062251309738,0.023788651592620492
MS,28,9,0.03352062591350547,0.03447421976623882,0.018883143272411414,0.0313853029078074,0.03744672877224882,0.030560039903980832,0.026752510955320823,0.039930099922978614,0.02798182301237725,0.01499408043013166,0.05369717462834138,0.017468529814786846,0.030665370112859105,0.024076886422077292,0.02008319445423121,0.03180011493538833,0.02191709514597296,0.0349058629803004,0.02446497195327041,0.03071957672527337,0.02872980995128817,0.03331058273106213,0.021516596105820036,0.019037718264811005,0.020906981072598436,0.01750326352450058,0.026297078004542625,0.02988584147706693,0.042433544057773075,0.03272870878637332,0.035588365321058406,0.03268392019002138,0.02124299608024765,0.0298865346070344,0.02252070814740603
MO,29,0,0.028870602961558335,0.042774428213960096,0.018414498618057835,0.025670041319269407,0.0313416180119185,0.024351929049604034,0.024406365713663742,0.03856836071121787,0.030793449368857383,0.017907307697421042,0.049502492936918184,0.01799890904262836,0.02825221074663289,0.02214939467869791,0.02284432988571409,0.03418774618421416,0.020675967920362706,0.042298928651183544,0.022255059091409443,0.033456052130310644,0.026476096051082833,0.03579882967147284,0.02902326726584844,0.02260283022435365,0.024100706190369258,0.01962134127522386,0.0240444454949989,0.02852538716110853,0.03606675997331602,0.04066846847532737,0.04333318396841597,0.030289943323162385,0.019826574428130465,0.018123481322120407,0.02477899332195486
MT,30,1,0.02731173787867861,0.01769503214471218,0.02119272015439698,0.05475732310947452,0.016925856375513283,0.028710509413185547,0.03277192696959729,0.07181006471982296,0.055173921428471454,0.016185009435812046,0.021073474027084642,0.018810913367592292,0.03215714568988297,0.0269963252632703,0.01953858281551632,0.03644109907546871,0.033915734058026364,0.055248214651276974,0.03153125561207076,0.02644154123351294,0.004601475957315415,0.008884175606994485,0.023810628112976632,0.034980679094519046,0.04155536574632246,0.0693414372640205,0.012856193151509494,0.012907612828300599,0.018819092132616788,0.027982506254151957,0.046444399986319454,0.012999065166541358,0.010890783749758002,0.016250984460985253,0.012987219690090432
NE,31,0,0.02718275822330096,0.04255904659357928,0.013966307597624827,0.028949649024570544,0.025453917344236514,0.02894409763976337,0.03186656398528475,0.05082158607525289,0.021412607731228665,0.01696771559436919,0.04514723391694428,0.02372299333250052,0.016041207890133462,0.023074918964817396,0.02706427436387689,0.03214766166806911,0.02577514996635795,0.04252129066409624,0.02334481071502492,0.028671716195999813,0.019163923299138286,0.029185153897302283,0.021664645608208594,0.02621869184857826,0.024934929558692715,0.02347929631821766,0.016683427933544274,0.03460863778518999,0.04163654048248701,0.04601274617528031,0.05028007428246368,0.022339548882901746,0.018283482053720577,0.018124922690536026,0.03174847332160638
NV,32,0,0.03448031512266268,0.04648705230984897,0.017924229850123374,0.029048307648250307,0.030823502194114775,0.029117458058423345,0.024782115663410525,0.03870327408969063,0.029933133667345055,0.018862218586093417,0.04744539652072392,0.019620729319836907,0.0316088748678214,0.023467059678880076,0.020287746905989817,0.03487273124214784,0.02087707863638271,0.03728968433930627,0.025965766640270133,0.032211943232244446,0.024406813311163022,0.038068206253586936,0.02343199985120588,0.02006897700927538,0.025232516134901295,0.017291991917818095,0.023642482843964682,0.027949583951216387,0.029423767278952788,0.03791171579327709,0.04296837429954516,0.029834184981332723,0.02012583507537748,0.019214834378133146,0.026620099451198403
NH,33,3,0.029664833948358636,0.022610635541024663,0.011326275651944337,0.03801005939591464,0.03622092096142412,0.023620602586084886,0.04422318947436189,0.05786924409802027,0.031172299738197278,0.01701734929897443,0.05726205940277035,0.012650495939567763,0.022010692016766087,0.03210970994439863,0.01594840388014548,0.047252249946477747,0.02860120376732161,0.03455852981205296,0.02218856595403628,0.027712580053722142,0.017099553002500364,0.021326952365660675,0.024734495612349184,0.014523896455540563,0.017480873247169983,0.01911635697503924,0.04387815505581558,0.02881636707221217,0.02693009798362033,0.0237197739059209,0.05214507937081474,0.02446675092652046,0.022261317384493336,0.023873242220062783,0.02759719033024604
NJ,34,9,0.034145673118101606,0.037061995388725684,0.016212401676179093,0.03131892693073925,0.03440704104692896,0.030769238293207726,0.023898965133899466,0.04467350995953328,0.02995779705272909,0.018146719306830983,0.05243563411900832,0.01868904862984068,0.02689107052680362,0.025182580936036376,0.021163828150372984,0.03362065841410845,0.02263918253652361,0.033943200462810165,0.021155192614674495,0.030603555243736966,0.02577503334473598,0.035420412432796304,0.021944828607221332,0.01884185316836661,0.02547079764979004,0.01853942515634383,0.028467063280997698,0.026999866622657093,0.03180784243275943,0.03787704602502123,0.04525308291169306,0.03105978913123624,0.02238822295173246,0.02031345778319789,0.02292506040419187
NM,35,0,0.02667834623778826,0.043192009228923245,0.02071888885023374,0.027544575367884766,0.033067461469575156,0.024636515263760064,0.027231779109384194,0.03257117630837362,0.02554072317125786,0.020913100703261026,0.039406078702346935,0.023339191615353052,0.021916072458463935,0.021329197843921534,0.02153434384182888,0.03455145281221822,0.018032590164895418,0.04924170976013441,0.04442009408199673,0.028092616458436352,0.025926972153870884,0.02802636562310907,0.020267170160233283,0.021123929233262395,0.02216528816664577,0.01980582709213466,0.023101383879824335,0.034147498280233946,0.04204242573536857,0.04682327950922157,0.0410427995634498,0.030092502078892466,0.015446712339673315,0.02203032017974469,0.023999603488723154
NY,36,0,0.03287824314455396,0.04129264618638258,0.01768439040625309,0.028354932280368637,0.03173946715731309,0.02804502603337831,0.02555327811346936,0.04068917687831961,0.030335199548496523,0.019528792294917618,0.04805443273088758,0.01867945298888657,0.029495501134532004,0.024242874617719005,0.022028094699181433,0.03365165701848573,0.021870734440135434,0.0381317703787176,0.023840467201372034,0.03047925412614154,0.024268708647793718,0.035542314497194395,0.023242903725572205,0.021361192497212456,0.025651790340517806,0.018815049192900734,0.02488417639469903,0.028409441959983905,0.03292376025564221,0.04176918954986202,0.04263347149816087,0.03001560937180819,0.021135724117918527,0.018782520540225094,0.02398875714405166
NC,37,0,0.034276889933486994,0.04183671637930484,0.017354474964607507,0.02768564745828795,0.029691900166709646,0.026649833854076536,0.024958907992735865,0.039534209353757295,0.029477221276924884,0.019941056240173706,0.04527623504547207,0.018339010336172353,0.0321462453577928,0.023452613585266548,0.021702363230559792,0.03230281458843979,0.021411650503057014,0.039359189434716765,0.023658910583863425,0.03409696267507798,0.023204853947143216,0.03679472384047058,0.023486373584056298,0.021013515659994177,0.025393496835445853,0.018581542314238697,0.023689006735311824,0.027049690457195526,0.03348788053255239,0.04144941720779563,0.04110502076128871,0.029549298465655717,0.027146994027555597,0.018970091816087428,0.025925241709810292
ND,38,8,0.038180292970744545,0.03900235173668777,0.017449983249440096,0.0270734028419653,0.036391830889421495,0.027953795542355712,0.026015178999744443,0.04223094175943325,0.023504114397909753,0.014515712361533714,0.05217271455168334,0.014625924089273741,0.04684656909842932,0.027480265924837006,0.015171060147072557,0.03710777484080863,0.021906481408189203,0.022855169322276703,0.020391238779154455,0.03172525540048386,0.03908397711077055,0.0543719170379539,0.026156378733698107,0.027435828750915176,0.027087120302454675,0.019289844404624473,0.021768449894477463,0.021180154218035208,0.018250790967194494,0.023168908820763705,0.045375795532992584,0.03298155608489503,0.016599181536747533,0.016291177077327183,0.028358864096578125
OH,39,0,0.03163009576586839,0.04169320173574192,0.016565681613901793,0.028545735601137764,0.031048929653657267,0.027752552206846456,0.02583477908122535,0.04198248658903887,0.030399155595693544,0.019731764264142165,0.04663612003256126,0.018114899429958108,0.0295369386040837,0.023844702951366918,0.025464610883930334,0.0331558532031341,0.021550289090963286,0.0402480622457475,0.026727263130244216,0.029182738924878694,0.023273687297461,0.03436909658511106,0.023420313309809867,0.0201456824600338,0.02640244335047674,0.01962180387485383,0.02404902385846532,0.027998351975372777,0.03444892540159049,0.04274011952230378,0.04211116944791566,0.029515689867768872,0.018656831171895972,0.01935089933731844,0.02425010301981713
OK,40,3,0.03468082698843812,0.024236700275745992,0.014693327178534625,0.0383097470213593,0.036287948693191185,0.03155183951576566,0.02710965011644055,0.051568030179349106,0.029559521025866523,0.017898465509288787,0.060117445496435794,0.015814858735153144,0.024326158504238096,0.02685095169097824,0.01912170499016873,0.04282298421893686,0.027388430198427335,0.024928561571446902,0.016919113936363674,0.02935243669561376,0.027795203644634524,0.030738728658907744,0.017193403885731755,0.016516040352878174,0.02653351438314688,0.016637525841972003,0.04078199401741009,0.025937825478417827,0.025564523014823034,0.022948993713118638,0.05743466209804815,0.03365335550159514,0.025274683442575066,0.018146648275316486,0.02130419731509292
OR,41,9,0.034105113792691995,0.04162520742155754,0.018123747119237716,0.02992630088892156,0.028994358631257672,0.030429234468548578,0.02395719416059097,0.040905706762995514,0.03243936678451582,0.02030391339997484,0.04818039734927355,0.018123903073255274,0.0337755233064975,0.024817467773890746,0.024643151049216893,0.03139631369141036,0.02202556837048436,0.03328734588780764,0.019223209040122317,0.028963009731688288,0.023672972387652376,0.03708169685289588,0.02184233236110417,0.019217359513307053,0.026819390537843376,0.01837314907292908,0.027701622811730314,0.02749623113672048,0.03365989254871875,0.0379445338559718,0.04380854027533408,0.03155624633569769,0.022603286689461533,0.020950811742541292,0.022025902452207577
PA,42,0,0.032967775560656554,0.042955797063829904,0.01730011017998206,0.0274072147966565,0.030573068461659855,0.027890089995379248,0.0243743567559696,0.04041360949496044,0.03142972413345341,0.020256699749284224,0.046022626542590685,0.02017028668154779,0.029880817968253825,0.023681871792159023,0.02235904502244913,0.03146844973674836,0.021348996528210387,0.04131192360558279,0.02434165394374122,0.029002153130457967,0.02378602635727384,0.03610072568511159,0.0247269146467393,0.020909887713022796,0.024884895508296645,0.019706893048474762,0.02466604855895728,0.028822923896538837,0.03679671175556119,0.04119028270058101,0.03977515047855977,0.029418308558142894,0.019013559517234283,0.020604017993617187,0.024441383903209327
RI,44,3,0.035357699635968826,0.0387884387588969,0.0188823130750307,0.03259784807584623,0.034826967681124706,0.034623163581577646,0.02774346903316201,0.04835648673950562,0.027825487515246043,0.01667166311281442,0.05823717870352153,0.013188262706224646,0.03059017451418678,0.02826075309253671,0.015431814159368935,0.039064781028346526,0.023880940749573053,0.0291937294646043,0.020269031591587442,0.029629451790458967,0.023903277805849023,0.03139074762556837,0.018605083669093674,0.01741688169722486,0.027202547357625312,0.016758151251419585,0.033220475576007547,0.024519701179614897,0.02210133956113415,0.02725013319496193,0.061865064159267055,0.028654925778804283,0.023305281441794203,0.02013763049085473,0.020249106716685516
SC,45,0,0.027416447704025623,0.05040005600844877,0.018853176766575858,0.02372688227990426,0.027709380626905436,0.025655008095437765,0.022212649749962714,0.03801773999423497,0.03225483159398608,0.019568285331694447,0.04657446861390652,0.024087983684772826,0.023532963065979146,0.02193676072108078,0.02046609639608085,0.031135040924734823,0.019726673915678113,0.05109738314791819,0.023206132818004793,0.028235516563532896,0.023587115161801554,0.034536681645646904,0.02494907674375986,0.02545995202926581,0.02196235027647816,0.021514005909633805,0.024435141349895616,0.03547700370887567,0.03614045567463583,0.04871380207574165,0.0346198244582501,0.028213221771899562,0.017617515833659194,0.01833557752875634,0.028624798858793456
SD,46,2,0.05028736465405844,0.033575632665190216,0.019116270831166435,0.02570207852804838,0.024272746033874876,0.026714628177793975,0.03191793802835345,0.040524662224963315,0.026008381699108008,0.01539026170261962,0.07105386414882309,0.008049980222260986,0.0618359099395556,0.0207368051402547,0.016589530089013326,0.037624583847110656,0.024154339665382014,0.028733367963084153,0.0130034123825122,0.03006581226293501,0.02745298322047574,0.05977571340998283,0.037358186459944896,0.009406294622806847,0.02973102175418576,0.014134263417657875,0.01984197641780913,0.015532814126230747,0.015123867489528302,0.024963263228377986,0.056558692937513956,0.034635151125487,0.02192186128077393,0.013542038772476402,0.014664301569139697
TN,47,0,0.033288488731993866,0.04197862111523426,0.01740270686855799,0.02795561670170034,0.02901516969056261,0.030001628884943867,0.024543612119887582,0.03924143241820447,0.032352718967728185,0.021757498137898186,0.04796605215858928,0.018736372054518696,0.026637304666652796,0.026015909391820895,0.019404930113525055,0.033049389721705034,0.022068380334715202,0.037809498208081445,0.02392443983731319,0.0306275542263025,0.024997668941349253,0.03757131558141884,0.021943901902493304,0.02032647348213741,0.024670529771203962,0.020323007148712807,0.02611030287705335,0.030701949103788026,0.03407686720493042,0.04012971678640965,0.04263461599846488,0.027771522318036822,0.02176066577076443,0.020233224707248202,0.022970915361784985
TX,48,0,0.031206928710227035,0.04225858339885261,0.01686246847017331,0.027458063683565025,0.03072175184198698,0.026741760595658946,0.02493451496367964,0.03964648436596797,0.03139705307568272,0.020352578892033884,0.04562966035260668,0.01932825716572332,0.029771605741171638,0.02370426780100058,0.023397357238949357,0.03218452859898603,0.021479071825105805,0.04001358419497083,0.025381727440107964,0.030426258308999064,0.023913344388970567,0.035241492178018766,0.023366223467883224,0.021301593737853248,0.025312465325578036,0.019624656971826086,0.024082139765346632,0.028940177446538515,0.03619453133540355,0.04360986870960196,0.040452949542154,0.030367008363131397,0.019653983600268873,0.019983749864944767,0.025059309767984175
UT,49,0,0.02954294181391682,0.04298275368503748,0.01637585182709582,0.029323342765271574,0.03042033455762545,0.03126122951243607,0.02762854256993657,0.03771822333187206,0.03381630602614521,0.02036325686716662,0.045018426100118976,0.019557806571104817,0.024988340388389596,0.023432961025490247,0.02455898033124135,0.031243105601010995,0.019994158544318828,0.038631923202005584,0.021793239350040683,0.027347156692121396,0.022945350982084486,0.034530923015207125,0.02652590278271883,0.019008882900238652,0.02500207723189228,0.01931234593776608,0.0246415793944213,0.029688498355306046,0.04325928479342547,0.045428861243759375,0.03829723794338854,0.030856438504632672,0.016068681410046342,0.02409042046458483,0.024344635669701024
VT,50,0,0.03402398573422794,0.03944935706994543,0.014296506760797828,0.02925677388650447,0.032017692276520716,0.024471007138021833,0.022585245201199002,0.03917509547558904,0.025027350051297092,0.01748736626177259,0.05116400793324523,0.016506029234673137,0.03009090954436405,0.022809832933954454,0.02076167161295722,0.03863653677000728,0.022688656509545196,0.029796208618492387,0.03741126879292415,0.02782997385168848,0.026278189313072214,0.03512399386168773,0.022739147377588812,0.019878165300783856,0.026058987201973277,0.02226206421540899,0.025727109184019038,0.02861927158257326,0.04053702630896198,0.03979475587709749,0.03757472876520136,0.03192805461757721,0.01642583699467929,0.022881258543654474,0.028685936886799466
VA,51,9,0.032788379959451476,0.04025613774435923,0.01680735597330045,0.030046061710853434,0.03233009537560669,0.029334533693189644,0.02720711499043575,0.04266701557753562,0.02977731797758539,0.020070309358266532,0.05116256391769461,0.017086883610689416,0.027979475537664455,0.02459775759548115,0.021681929546515263,0.03642554590394236,0.022619345536612948,0.03680821752003891,0.02037125423550872,0.030621777682874707,0.02431031892452972,0.03421137707240918,0.02300447814819961,0.02132113221714189,0.02723497662311904,0.01871187640417597,0.02548404341401625,0.03066775159448915,0.03064365284238968,0.03992321969972639,0.04386093425579892,0.028865865251897216,0.018314957956968036,0.019504023733786038,0.023302319648102254
WA,53,0,0.03210312423907933,0.04138537989448071,0.016486852368093902,0.0282330803283049,0.030131677995394623,0.02825741298328317,0.024359928775969902,0.03995136281831244,0.03059804447778495,0.020431257737463005,0.04567394314476618,0.019429971744037097,0.031057207713117707,0.024039831792476523,0.022126502952007184,0.033492972173295166,0.020999443602519135,0.03753512789677037,0.02316718327524891,0.03087179252485252,0.024533513097100845,0.035122158384171764,0.0240261133132756,0.02086773208546023,0.026179418582397213,0.01917653168258737,0.02579025319554583,0.028357041933856558,0.035046833626884585,0.04203920831026295,0.04184475391377612,0.030417770754251578,0.022337872871732594,0.019366961201339985,0.02456173983357707
WV,54,8,0.04210114648301544,0.06060601711999982,0.014169603569317919,0.03200451888058132,0.0326574255460635,0.022698359885392014,0.025942776357876198,0.03915330023640819,0.033858590723096785,0.015349774611498248,0.03718886982057808,0.01750511262140898,0.06183938323127936,0.01907229256669262,0.025164318534467163,0.029196222389200284,0.015419381920611664,0.03226123120127393,0.02238559374312209,0.03214233068785052,0.022516816639021706,0.0410719250891306,0.023284033556450912,0.01953554826814419,0.025366329085846333,0.02337516287154556,0.024586486819782045,0.026116732431492255,0.021436721727655116,0.03932921843914025,0.036939488225944166,0.03197595859189698,0.012146748024781646,0.015389184574725658,0.026213396888430805
WI,55,0,0.03183532388478266,0.03819854793589919,0.01560600920334037,0.028054892423722343,0.030919516955184207,0.027763015156495992,0.024618585412684687,0.039983120130471936,0.03380156476446376,0.021028719449495466,0.046548923773982155,0.020944473445985125,0.02652440021111532,0.0233059571218872,0.025609467241998363,0.03170906457549682,0.02082054752268451,0.040150916163349266,0.027266279424578543,0.02980809286973139,0.02111751455996205,0.033644195980291614,0.024766300497807765,0.021761293494773876,0.02460024335530987,0.019580461537057108,0.023159231489013735,0.026151456023293464,0.038322599640894496,0.04797582302095556,0.04081808254565801,0.029769801650369698,0.0191226452656498,0.02043341966991591,0.024279514485008865
WY,56,5,0.032128281400359254,0.032949616030479474,0.035025269969513544,0.012687544269781364,0.0292984256234935,0.021836481628155237,0.026176183399531924,0.044345991260355766,0.023999641816082752,0.012529118435065214,0.03236551144601483,0.022984794561604138,0.024072421373995512,0.009653056353297934,0.02982681962873852,0.01988642305103049,0.019900637371628952,0.05663914982670624,0.03716902930796016,0.03129980880848802,0.03604143067720558,0.031120459652881613,0.02087865821821125,0.025316440568942774,0.029290974272513075,0.01922060732419292,0.030909700268520076,0.035959667737775466,0.04547230445600131,0.04407329894438909,0.036673732288181785,0.0165664518513439,0.014939147935722742,0.02078425944210929,0.037978661036641714
